{
    "epoch": 10.0,
    "eval_accuracy": 0.8093457943925234,
    "eval_f1": 0.8048729904456777,
    "eval_loss": 1.1704825162887573,
    "eval_precision": 0.8129271569601029,
    "eval_recall": 0.8022029165373875,
    "eval_runtime": 0.6791,
    "eval_samples_per_second": 787.845,
    "eval_steps_per_second": 50.069
}