{
    "epoch": 10.0,
    "eval_accuracy": 0.9571314102564102,
    "eval_f1": 0.8575322718076341,
    "eval_loss": 0.34634673595428467,
    "eval_precision": 0.8718463717335853,
    "eval_recall": 0.8469757442281791,
    "eval_runtime": 3.4948,
    "eval_samples_per_second": 714.207,
    "eval_steps_per_second": 44.638
}