{
    "epoch": 10.0,
    "eval_accuracy": 0.7866666666666666,
    "eval_f1": 0.6666666666666667,
    "eval_loss": 1.135271668434143,
    "eval_precision": 0.6541582150101419,
    "eval_recall": 0.6885856079404467,
    "eval_runtime": 0.2852,
    "eval_samples_per_second": 262.985,
    "eval_steps_per_second": 17.532
}