{
    "epoch": 10.0,
    "eval_accuracy": 0.9535256410256411,
    "eval_f1": 0.7728710461014774,
    "eval_loss": 0.4731951951980591,
    "eval_precision": 0.7791380253147574,
    "eval_recall": 0.7685752003850463,
    "eval_runtime": 4.1946,
    "eval_samples_per_second": 595.045,
    "eval_steps_per_second": 37.19
}