{
    "epoch": 10.0,
    "eval_accuracy": 0.8,
    "eval_f1": 0.6148579253680246,
    "eval_loss": 1.5028769969940186,
    "eval_precision": 0.6307692307692307,
    "eval_recall": 0.6054590570719602,
    "eval_runtime": 4.1,
    "eval_samples_per_second": 18.293,
    "eval_steps_per_second": 1.22
}