{
    "epoch": 10.0,
    "eval_accuracy": 0.8806354277600283,
    "eval_f1": 0.7171905607212308,
    "eval_loss": 0.9271103739738464,
    "eval_precision": 0.7415347771214681,
    "eval_recall": 0.6969912808013201,
    "eval_runtime": 16.8267,
    "eval_samples_per_second": 669.651,
    "eval_steps_per_second": 41.898
}