{
    "epoch": 10.0,
    "eval_accuracy": 0.9495192307692307,
    "eval_f1": 0.805384961556294,
    "eval_loss": 0.41568228602409363,
    "eval_precision": 0.7905842777212773,
    "eval_recall": 0.8345282799806111,
    "eval_runtime": 2.6273,
    "eval_samples_per_second": 950.028,
    "eval_steps_per_second": 59.377
}